{"v":"5.4.1","fr":29.9700012207031,"ip":0,"op":61.0000024845809,"w":1242,"h":2208,"nm":"Comp 1","ddd":0,"assets":[],"layers":[{"ddd":0,"ind":3,"ty":4,"nm":"blue head/splash screen Outlines","sr":1,"ks":{"o":{"a":0,"k":100,"ix":11},"r":{"a":0,"k":0,"ix":10},"p":{"a":0,"k":[597,876,0],"ix":2},"a":{"a":0,"k":[47,42.5,0],"ix":1},"s":{"a":0,"k":[100,100,100],"ix":6}},"ao":0,"shapes":[{"ty":"gr","it":[{"ind":0,"ty":"sh","ix":1,"ks":{"a":0,"k":{"i":[[-3.015,-0.651],[8.776,-23.52],[17.099,1.406],[4.243,18.928],[-24.361,0.678]],"o":[[23.562,5.087],[-6.255,16.761],[-19.315,-1.588],[-5.375,-23.975],[3.249,-0.09]],"v":[[7.335,-40.957],[37.511,13.855],[-3.023,40.506],[-40.912,7.51],[-2.076,-41.823]],"c":true},"ix":2},"nm":"Path 1","mn":"ADBE Vector Shape - Group","hd":false},{"ty":"fl","c":{"a":0,"k":[1,1,1,1],"ix":4},"o":{"a":0,"k":100,"ix":5},"r":1,"nm":"Fill 2","mn":"ADBE Vector Graphic - Fill","hd":false},{"ty":"fl","c":{"a":0,"k":[1,1,1,1],"ix":4},"o":{"a":0,"k":100,"ix":5},"r":1,"nm":"Fill 1","mn":"ADBE Vector Graphic - Fill","hd":false},{"ty":"tr","p":{"a":0,"k":[46.537,42.163],"ix":2},"a":{"a":0,"k":[0,0],"ix":1},"s":{"a":0,"k":[100,100],"ix":3},"r":{"a":0,"k":0,"ix":6},"o":{"a":0,"k":100,"ix":7},"sk":{"a":0,"k":0,"ix":4},"sa":{"a":0,"k":0,"ix":5},"nm":"Transform"}],"nm":"Group 1","np":3,"cix":2,"ix":1,"mn":"ADBE Vector Group","hd":false}],"ip":0,"op":900.000036657751,"st":0,"bm":0},{"ddd":0,"ind":4,"ty":4,"nm":"body 1/splash screen Outlines","sr":1,"ks":{"o":{"a":0,"k":100,"ix":11},"r":{"a":0,"k":0,"ix":10},"p":{"a":0,"k":[562,995,0],"ix":2},"a":{"a":0,"k":[109,81,0],"ix":1},"s":{"a":0,"k":[100,100,100],"ix":6}},"ao":0,"shapes":[{"ty":"gr","it":[{"ind":0,"ty":"sh","ix":1,"ks":{"a":0,"k":{"i":[[-2.145,-3.5],[0,0],[0,0],[-4.413,22.292],[0,0],[0,0],[5.138,1.74],[0.703,6.057],[-3.072,3.326],[0,0],[-2.997,2.302],[-13.982,-2.97],[0,0],[0,0],[-3.699,-1.69],[0,0],[-0.04,-7.631],[2.428,-1.356],[9.202,2.067],[0,0],[2.576,0.791],[1.648,1.789],[3.62,4.492],[0,0],[0,0]],"o":[[0,0],[0,0],[0,0],[4.413,-22.291],[0,0],[-3.921,3.747],[-4.064,-1.377],[-0.523,-4.498],[0,0],[0,0],[2.997,-2.301],[13.982,2.97],[0,0],[0,0],[3.699,1.691],[0,0],[0.04,7.632],[-2.428,1.356],[0,0],[0,0],[-2.576,-0.79],[-1.648,-1.789],[-3.621,-4.493],[0,0],[0,0]],"v":[[16.036,66.469],[-28.007,80.333],[-35.62,66.469],[-42.4,25.144],[-37.164,-4.599],[-84.711,40.844],[-99.458,44.339],[-108.144,33.991],[-103.881,21.693],[-35.682,-52.144],[-17.71,-70.323],[9.69,-77.363],[29.811,-63.161],[58.976,-13.386],[64.037,-8.632],[99.745,7.292],[108.627,18.852],[102.739,31.77],[89.704,33.421],[71.284,25.921],[55.612,20.366],[42.207,15.962],[36.563,10.429],[27.276,-3.661],[14.21,60.431]],"c":true},"ix":2},"nm":"Path 1","mn":"ADBE Vector Shape - Group","hd":false},{"ty":"fl","c":{"a":0,"k":[1,1,1,1],"ix":4},"o":{"a":0,"k":100,"ix":5},"r":1,"nm":"Fill 1","mn":"ADBE Vector Graphic - Fill","hd":false},{"ty":"tr","p":{"a":0,"k":[108.917,80.584],"ix":2},"a":{"a":0,"k":[0,0],"ix":1},"s":{"a":0,"k":[100,100],"ix":3},"r":{"a":0,"k":0,"ix":6},"o":{"a":0,"k":100,"ix":7},"sk":{"a":0,"k":0,"ix":4},"sa":{"a":0,"k":0,"ix":5},"nm":"Transform"}],"nm":"Group 1","np":2,"cix":2,"ix":1,"mn":"ADBE Vector Group","hd":false}],"ip":0,"op":900.000036657751,"st":0,"bm":0},{"ddd":0,"ind":5,"ty":4,"nm":"body 2/splash screen Outlines","sr":1,"ks":{"o":{"a":0,"k":100,"ix":11},"r":{"a":1,"k":[{"i":{"x":[0.833],"y":[0.833]},"o":{"x":[0.167],"y":[0.167]},"n":["0p833_0p833_0p167_0p167"],"t":0,"s":[0],"e":[30]},{"i":{"x":[0.833],"y":[0.833]},"o":{"x":[0.167],"y":[0.167]},"n":["0p833_0p833_0p167_0p167"],"t":15,"s":[30],"e":[0]},{"i":{"x":[0.833],"y":[0.833]},"o":{"x":[0.167],"y":[0.167]},"n":["0p833_0p833_0p167_0p167"],"t":30,"s":[0],"e":[30]},{"i":{"x":[0.833],"y":[0.833]},"o":{"x":[0.167],"y":[0.167]},"n":["0p833_0p833_0p167_0p167"],"t":45,"s":[30],"e":[0]},{"t":60.0000024438501}],"ix":10},"p":{"a":0,"k":[552.75,1065,0],"ix":2},"a":{"a":0,"k":[20.75,37,0],"ix":1},"s":{"a":0,"k":[100,100,100],"ix":6}},"ao":0,"shapes":[{"ty":"gr","it":[{"ind":0,"ty":"sh","ix":1,"ks":{"a":0,"k":{"i":[[0,0],[-39.581,-30.813],[0,0],[38.258,17.478]],"o":[[0,0],[0,0],[0,0],[0,0]],"v":[[-35.549,-17.23],[9.2,-30.705],[32.501,24.562],[-2.709,44.04]],"c":true},"ix":2},"nm":"Path 1","mn":"ADBE Vector Shape - Group","hd":false},{"ty":"fl","c":{"a":0,"k":[1,1,1,1],"ix":4},"o":{"a":0,"k":100,"ix":5},"r":1,"nm":"Fill 1","mn":"ADBE Vector Graphic - Fill","hd":false},{"ty":"tr","p":{"a":0,"k":[35.799,61.768],"ix":2},"a":{"a":0,"k":[0,0],"ix":1},"s":{"a":0,"k":[100,100],"ix":3},"r":{"a":0,"k":0,"ix":6},"o":{"a":0,"k":100,"ix":7},"sk":{"a":0,"k":0,"ix":4},"sa":{"a":0,"k":0,"ix":5},"nm":"Transform"}],"nm":"Group 1","np":2,"cix":2,"ix":1,"mn":"ADBE Vector Group","hd":false}],"ip":0,"op":900.000036657751,"st":0,"bm":0},{"ddd":0,"ind":6,"ty":4,"nm":"body 3/splash screen Outlines","parent":5,"sr":1,"ks":{"o":{"a":0,"k":100,"ix":11},"r":{"a":1,"k":[{"i":{"x":[0.833],"y":[0.833]},"o":{"x":[0.167],"y":[0.167]},"n":["0p833_0p833_0p167_0p167"],"t":0,"s":[0],"e":[20]},{"i":{"x":[0.833],"y":[0.833]},"o":{"x":[0.167],"y":[0.167]},"n":["0p833_0p833_0p167_0p167"],"t":15,"s":[20],"e":[0]},{"i":{"x":[0.833],"y":[0.833]},"o":{"x":[0.167],"y":[0.167]},"n":["0p833_0p833_0p167_0p167"],"t":30,"s":[0],"e":[20]},{"i":{"x":[0.833],"y":[0.833]},"o":{"x":[0.167],"y":[0.167]},"n":["0p833_0p833_0p167_0p167"],"t":45,"s":[20],"e":[0]},{"t":60.0000024438501}],"ix":10},"p":{"a":0,"k":[44.125,88.75,0],"ix":2},"a":{"a":0,"k":[24.625,31.25,0],"ix":1},"s":{"a":0,"k":[100,100,100],"ix":6}},"ao":0,"shapes":[{"ty":"gr","it":[{"ind":0,"ty":"sh","ix":1,"ks":{"a":0,"k":{"i":[[0,0],[-45.106,-20.646],[0,0],[6.988,-8.846],[0,0],[6.815,12.269]],"o":[[0,0],[0,0],[0,0],[-6.987,8.844],[0,0],[-6.817,-12.267]],"v":[[-30.079,-14.802],[5.25,-36.156],[33.804,28.141],[32.868,47.958],[17.011,55.213],[1.884,43.556]],"c":true},"ix":2},"nm":"Path 1","mn":"ADBE Vector Shape - Group","hd":false},{"ty":"fl","c":{"a":0,"k":[1,1,1,1],"ix":4},"o":{"a":0,"k":100,"ix":5},"r":1,"nm":"Fill 1","mn":"ADBE Vector Graphic - Fill","hd":false},{"ty":"tr","p":{"a":0,"k":[40.106,57.052],"ix":2},"a":{"a":0,"k":[0,0],"ix":1},"s":{"a":0,"k":[100,100],"ix":3},"r":{"a":0,"k":0,"ix":6},"o":{"a":0,"k":100,"ix":7},"sk":{"a":0,"k":0,"ix":4},"sa":{"a":0,"k":0,"ix":5},"nm":"Transform"}],"nm":"Group 1","np":2,"cix":2,"ix":1,"mn":"ADBE Vector Group","hd":false}],"ip":0,"op":900.000036657751,"st":0,"bm":0},{"ddd":0,"ind":7,"ty":4,"nm":"leg/splash screen Outlines","sr":1,"ks":{"o":{"a":0,"k":100,"ix":11},"r":{"a":1,"k":[{"i":{"x":[0.833],"y":[0.833]},"o":{"x":[0.167],"y":[0.167]},"n":["0p833_0p833_0p167_0p167"],"t":0,"s":[0],"e":[-60]},{"i":{"x":[0.833],"y":[0.833]},"o":{"x":[0.167],"y":[0.167]},"n":["0p833_0p833_0p167_0p167"],"t":15,"s":[-60],"e":[0]},{"i":{"x":[0.833],"y":[0.833]},"o":{"x":[0.167],"y":[0.167]},"n":["0p833_0p833_0p167_0p167"],"t":30,"s":[0],"e":[-60]},{"i":{"x":[0.833],"y":[0.833]},"o":{"x":[0.167],"y":[0.167]},"n":["0p833_0p833_0p167_0p167"],"t":45,"s":[-60],"e":[0]},{"t":60.0000024438501}],"ix":10},"p":{"a":0,"k":[519,1070,0],"ix":2},"a":{"a":0,"k":[49,7,0],"ix":1},"s":{"a":0,"k":[100,100,100],"ix":6}},"ao":0,"shapes":[{"ty":"gr","it":[{"ind":0,"ty":"sh","ix":1,"ks":{"a":0,"k":{"i":[[8.235,15.493],[0.99,1.493],[3.214,-11.369],[1.922,-2.579],[10.948,-14.275],[-0.748,-5.206],[-6.943,-2.222],[-4.975,5.608],[-14.17,16.234],[-1.307,2.094],[1.035,1.928]],"o":[[-0.522,-0.982],[-3.217,12.167],[-0.883,3.123],[-10.756,14.419],[-3.157,4.12],[1.051,7.318],[7.122,2.278],[14.298,-16.121],[1.606,-1.839],[1.142,-1.829],[-8.295,-15.46]],"v":[[13.627,-55.361],[11.411,-58.723],[2.079,-23.73],[-2.082,-14.828],[-34.762,28.122],[-38.878,41.964],[-26.688,56.445],[-8.228,51.295],[34.461,2.75],[38.484,-3.458],[38.334,-8.884]],"c":true},"ix":2},"nm":"Path 1","mn":"ADBE Vector Shape - Group","hd":false},{"ty":"fl","c":{"a":0,"k":[1,1,1,1],"ix":4},"o":{"a":0,"k":100,"ix":5},"r":1,"nm":"Fill 1","mn":"ADBE Vector Graphic - Fill","hd":false},{"ty":"tr","p":{"a":0,"k":[39.875,58.973],"ix":2},"a":{"a":0,"k":[0,0],"ix":1},"s":{"a":0,"k":[100,100],"ix":3},"r":{"a":0,"k":0,"ix":6},"o":{"a":0,"k":100,"ix":7},"sk":{"a":0,"k":0,"ix":4},"sa":{"a":0,"k":0,"ix":5},"nm":"Transform"}],"nm":"Group 1","np":2,"cix":2,"ix":1,"mn":"ADBE Vector Group","hd":false}],"ip":0,"op":900.000036657751,"st":0,"bm":0}],"markers":[]}