{"v":"5.4.1","fr":29.9700012207031,"ip":0,"op":121.000004928431,"w":1242,"h":2208,"nm":"Comp 1","ddd":0,"assets":[],"fonts":{"list":[{"fName":"Montserrat-Bold","fFamily":"Montserrat","fStyle":"Bold","ascent":74.1989135742188}]},"layers":[{"ddd":0,"ind":1,"ty":5,"nm":"Meshini","sr":1,"ks":{"o":{"a":0,"k":100,"ix":11},"r":{"a":0,"k":0,"ix":10},"p":{"a":0,"k":[621.502,1232,0],"ix":2},"a":{"a":0,"k":[207,-78,0],"ix":1},"s":{"a":1,"k":[{"i":{"x":[0.833,0.833,0.833],"y":[0.833,0.833,0.833]},"o":{"x":[0.167,0.167,0.167],"y":[0.167,0.167,0.167]},"n":["0p833_0p833_0p167_0p167","0p833_0p833_0p167_0p167","0p833_0p833_0p167_0p167"],"t":75,"s":[100,0,100],"e":[100,100,100]},{"t":90.0000036657751}],"ix":6}},"ao":0,"t":{"d":{"k":[{"s":{"s":100,"f":"Montserrat-Bold","t":"Meshini","j":0,"tr":0,"lh":120,"ls":0,"fc":[0.137,0.208,0.388]},"t":0}]},"p":{},"m":{"g":1,"a":{"a":0,"k":[0,0],"ix":2}},"a":[]},"ip":0,"op":900.000036657751,"st":0,"bm":0},{"ddd":0,"ind":2,"ty":4,"nm":"white head/splash screen Outlines 2","sr":1,"ks":{"o":{"a":0,"k":100,"ix":11},"r":{"a":0,"k":0,"ix":10},"p":{"a":0,"k":[597,876,0],"ix":2},"a":{"a":0,"k":[47,42.5,0],"ix":1},"s":{"a":0,"k":[100,100,100],"ix":6}},"ao":0,"shapes":[{"ty":"gr","it":[{"ind":0,"ty":"sh","ix":1,"ks":{"a":0,"k":{"i":[[-3.015,-0.651],[8.776,-23.52],[17.099,1.406],[4.243,18.928],[-24.361,0.678]],"o":[[23.562,5.087],[-6.255,16.761],[-19.315,-1.588],[-5.375,-23.975],[3.249,-0.09]],"v":[[7.335,-40.957],[37.511,13.855],[-3.023,40.506],[-40.912,7.51],[-2.076,-41.823]],"c":true},"ix":2},"nm":"Path 1","mn":"ADBE Vector Shape - Group","hd":false},{"ty":"fl","c":{"a":0,"k":[1,1,1,1],"ix":4},"o":{"a":0,"k":100,"ix":5},"r":1,"nm":"Fill 2","mn":"ADBE Vector Graphic - Fill","hd":false},{"ty":"fl","c":{"a":0,"k":[1,1,1,1],"ix":4},"o":{"a":0,"k":100,"ix":5},"r":1,"nm":"Fill 1","mn":"ADBE Vector Graphic - Fill","hd":false},{"ty":"tr","p":{"a":0,"k":[46.537,42.163],"ix":2},"a":{"a":0,"k":[0,0],"ix":1},"s":{"a":0,"k":[100,100],"ix":3},"r":{"a":0,"k":0,"ix":6},"o":{"a":0,"k":100,"ix":7},"sk":{"a":0,"k":0,"ix":4},"sa":{"a":0,"k":0,"ix":5},"nm":"Transform"}],"nm":"Group 1","np":3,"cix":2,"ix":1,"mn":"ADBE Vector Group","hd":false}],"ip":0,"op":900.000036657751,"st":0,"bm":0},{"ddd":0,"ind":3,"ty":4,"nm":"blue head/splash screen Outlines","sr":1,"ks":{"o":{"a":0,"k":100,"ix":11},"r":{"a":0,"k":0,"ix":10},"p":{"a":1,"k":[{"i":{"x":0.833,"y":0.833},"o":{"x":0.167,"y":0.167},"n":"0p833_0p833_0p167_0p167","t":0,"s":[357,876,0],"e":[597,876,0],"to":[40,0,0],"ti":[-40,0,0]},{"t":60.0000024438501}],"ix":2},"a":{"a":0,"k":[47,42.5,0],"ix":1},"s":{"a":0,"k":[100,100,100],"ix":6}},"ao":0,"shapes":[{"ty":"gr","it":[{"ind":0,"ty":"sh","ix":1,"ks":{"a":0,"k":{"i":[[-3.015,-0.651],[8.776,-23.52],[17.099,1.406],[4.243,18.928],[-24.361,0.678]],"o":[[23.562,5.087],[-6.255,16.761],[-19.315,-1.588],[-5.375,-23.975],[3.249,-0.09]],"v":[[7.335,-40.957],[37.511,13.855],[-3.023,40.506],[-40.912,7.51],[-2.076,-41.823]],"c":true},"ix":2},"nm":"Path 1","mn":"ADBE Vector Shape - Group","hd":false},{"ty":"fl","c":{"a":1,"k":[{"i":{"x":[0.833],"y":[0.833]},"o":{"x":[0.167],"y":[0.167]},"n":["0p833_0p833_0p167_0p167"],"t":17,"s":[0.136999990426,0.20800000359,0.388000009574,1],"e":[1,1,1,1]},{"t":38.0000015477717}],"ix":4},"o":{"a":0,"k":100,"ix":5},"r":1,"nm":"Fill 2","mn":"ADBE Vector Graphic - Fill","hd":false},{"ty":"fl","c":{"a":1,"k":[{"i":{"x":[0.833],"y":[0.833]},"o":{"x":[0.167],"y":[0.167]},"n":["0p833_0p833_0p167_0p167"],"t":17,"s":[0.136999990426,0.20800000359,0.388000009574,1],"e":[1,1,1,1]},{"t":38.0000015477717}],"ix":4},"o":{"a":0,"k":100,"ix":5},"r":1,"nm":"Fill 1","mn":"ADBE Vector Graphic - Fill","hd":false},{"ty":"tr","p":{"a":0,"k":[46.537,42.163],"ix":2},"a":{"a":0,"k":[0,0],"ix":1},"s":{"a":0,"k":[100,100],"ix":3},"r":{"a":0,"k":0,"ix":6},"o":{"a":0,"k":100,"ix":7},"sk":{"a":0,"k":0,"ix":4},"sa":{"a":0,"k":0,"ix":5},"nm":"Transform"}],"nm":"Group 1","np":3,"cix":2,"ix":1,"mn":"ADBE Vector Group","hd":false}],"ip":0,"op":900.000036657751,"st":0,"bm":0},{"ddd":0,"ind":4,"ty":4,"nm":"body 1/splash screen Outlines","sr":1,"ks":{"o":{"a":0,"k":100,"ix":11},"r":{"a":0,"k":0,"ix":10},"p":{"a":1,"k":[{"i":{"x":0.833,"y":0.833},"o":{"x":0.167,"y":0.167},"n":"0p833_0p833_0p167_0p167","t":0,"s":[322,995,0],"e":[562,995,0],"to":[40,0,0],"ti":[-40,0,0]},{"t":60.0000024438501}],"ix":2},"a":{"a":0,"k":[109,81,0],"ix":1},"s":{"a":0,"k":[100,100,100],"ix":6}},"ao":0,"shapes":[{"ty":"gr","it":[{"ind":0,"ty":"sh","ix":1,"ks":{"a":0,"k":{"i":[[-2.145,-3.5],[0,0],[0,0],[-4.413,22.292],[0,0],[0,0],[5.138,1.74],[0.703,6.057],[-3.072,3.326],[0,0],[-2.997,2.302],[-13.982,-2.97],[0,0],[0,0],[-3.699,-1.69],[0,0],[-0.04,-7.631],[2.428,-1.356],[9.202,2.067],[0,0],[2.576,0.791],[1.648,1.789],[3.62,4.492],[0,0],[0,0]],"o":[[0,0],[0,0],[0,0],[4.413,-22.291],[0,0],[-3.921,3.747],[-4.064,-1.377],[-0.523,-4.498],[0,0],[0,0],[2.997,-2.301],[13.982,2.97],[0,0],[0,0],[3.699,1.691],[0,0],[0.04,7.632],[-2.428,1.356],[0,0],[0,0],[-2.576,-0.79],[-1.648,-1.789],[-3.621,-4.493],[0,0],[0,0]],"v":[[16.036,66.469],[-28.007,80.333],[-35.62,66.469],[-42.4,25.144],[-37.164,-4.599],[-84.711,40.844],[-99.458,44.339],[-108.144,33.991],[-103.881,21.693],[-35.682,-52.144],[-17.71,-70.323],[9.69,-77.363],[29.811,-63.161],[58.976,-13.386],[64.037,-8.632],[99.745,7.292],[108.627,18.852],[102.739,31.77],[89.704,33.421],[71.284,25.921],[55.612,20.366],[42.207,15.962],[36.563,10.429],[27.276,-3.661],[14.21,60.431]],"c":true},"ix":2},"nm":"Path 1","mn":"ADBE Vector Shape - Group","hd":false},{"ty":"fl","c":{"a":0,"k":[0.136999990426,0.20800000359,0.388000009574,1],"ix":4},"o":{"a":0,"k":100,"ix":5},"r":1,"nm":"Fill 1","mn":"ADBE Vector Graphic - Fill","hd":false},{"ty":"tr","p":{"a":0,"k":[108.917,80.584],"ix":2},"a":{"a":0,"k":[0,0],"ix":1},"s":{"a":0,"k":[100,100],"ix":3},"r":{"a":0,"k":0,"ix":6},"o":{"a":0,"k":100,"ix":7},"sk":{"a":0,"k":0,"ix":4},"sa":{"a":0,"k":0,"ix":5},"nm":"Transform"}],"nm":"Group 1","np":2,"cix":2,"ix":1,"mn":"ADBE Vector Group","hd":false}],"ip":0,"op":900.000036657751,"st":0,"bm":0},{"ddd":0,"ind":5,"ty":4,"nm":"body 2/splash screen Outlines","sr":1,"ks":{"o":{"a":0,"k":100,"ix":11},"r":{"a":1,"k":[{"i":{"x":[0.833],"y":[0.833]},"o":{"x":[0.167],"y":[0.167]},"n":["0p833_0p833_0p167_0p167"],"t":0,"s":[0],"e":[30]},{"i":{"x":[0.833],"y":[0.833]},"o":{"x":[0.167],"y":[0.167]},"n":["0p833_0p833_0p167_0p167"],"t":15,"s":[30],"e":[0]},{"i":{"x":[0.833],"y":[0.833]},"o":{"x":[0.167],"y":[0.167]},"n":["0p833_0p833_0p167_0p167"],"t":30,"s":[0],"e":[30]},{"i":{"x":[0.833],"y":[0.833]},"o":{"x":[0.167],"y":[0.167]},"n":["0p833_0p833_0p167_0p167"],"t":45,"s":[30],"e":[0]},{"t":60.0000024438501}],"ix":10},"p":{"a":1,"k":[{"i":{"x":0.833,"y":0.833},"o":{"x":0.167,"y":0.167},"n":"0p833_0p833_0p167_0p167","t":0,"s":[312.75,1065,0],"e":[552.75,1065,0],"to":[40,0,0],"ti":[-40,0,0]},{"t":60.0000024438501}],"ix":2},"a":{"a":0,"k":[20.75,37,0],"ix":1},"s":{"a":0,"k":[100,100,100],"ix":6}},"ao":0,"shapes":[{"ty":"gr","it":[{"ind":0,"ty":"sh","ix":1,"ks":{"a":0,"k":{"i":[[0,0],[-39.581,-30.813],[0,0],[38.258,17.478]],"o":[[0,0],[0,0],[0,0],[0,0]],"v":[[-35.549,-17.23],[9.2,-30.705],[32.501,24.562],[-2.709,44.04]],"c":true},"ix":2},"nm":"Path 1","mn":"ADBE Vector Shape - Group","hd":false},{"ty":"fl","c":{"a":0,"k":[0.136999990426,0.20800000359,0.388000009574,1],"ix":4},"o":{"a":0,"k":100,"ix":5},"r":1,"nm":"Fill 1","mn":"ADBE Vector Graphic - Fill","hd":false},{"ty":"tr","p":{"a":0,"k":[35.799,61.768],"ix":2},"a":{"a":0,"k":[0,0],"ix":1},"s":{"a":0,"k":[100,100],"ix":3},"r":{"a":0,"k":0,"ix":6},"o":{"a":0,"k":100,"ix":7},"sk":{"a":0,"k":0,"ix":4},"sa":{"a":0,"k":0,"ix":5},"nm":"Transform"}],"nm":"Group 1","np":2,"cix":2,"ix":1,"mn":"ADBE Vector Group","hd":false}],"ip":0,"op":900.000036657751,"st":0,"bm":0},{"ddd":0,"ind":6,"ty":4,"nm":"body 3/splash screen Outlines","parent":5,"sr":1,"ks":{"o":{"a":0,"k":100,"ix":11},"r":{"a":1,"k":[{"i":{"x":[0.833],"y":[0.833]},"o":{"x":[0.167],"y":[0.167]},"n":["0p833_0p833_0p167_0p167"],"t":0,"s":[0],"e":[20]},{"i":{"x":[0.833],"y":[0.833]},"o":{"x":[0.167],"y":[0.167]},"n":["0p833_0p833_0p167_0p167"],"t":15,"s":[20],"e":[0]},{"i":{"x":[0.833],"y":[0.833]},"o":{"x":[0.167],"y":[0.167]},"n":["0p833_0p833_0p167_0p167"],"t":30,"s":[0],"e":[20]},{"i":{"x":[0.833],"y":[0.833]},"o":{"x":[0.167],"y":[0.167]},"n":["0p833_0p833_0p167_0p167"],"t":45,"s":[20],"e":[0]},{"t":60.0000024438501}],"ix":10},"p":{"a":1,"k":[{"i":{"x":0.833,"y":0.833},"o":{"x":0.167,"y":0.167},"n":"0p833_0p833_0p167_0p167","t":0,"s":[44.125,88.75,0],"e":[44.125,88.75,0],"to":[0,0,0],"ti":[0,0,0]},{"t":60.0000024438501}],"ix":2},"a":{"a":0,"k":[24.625,31.25,0],"ix":1},"s":{"a":0,"k":[100,100,100],"ix":6}},"ao":0,"shapes":[{"ty":"gr","it":[{"ind":0,"ty":"sh","ix":1,"ks":{"a":0,"k":{"i":[[0,0],[-45.106,-20.646],[0,0],[6.988,-8.846],[0,0],[6.815,12.269]],"o":[[0,0],[0,0],[0,0],[-6.987,8.844],[0,0],[-6.817,-12.267]],"v":[[-30.079,-14.802],[5.25,-36.156],[33.804,28.141],[32.868,47.958],[17.011,55.213],[1.884,43.556]],"c":true},"ix":2},"nm":"Path 1","mn":"ADBE Vector Shape - Group","hd":false},{"ty":"fl","c":{"a":0,"k":[0.136999990426,0.20800000359,0.388000009574,1],"ix":4},"o":{"a":0,"k":100,"ix":5},"r":1,"nm":"Fill 1","mn":"ADBE Vector Graphic - Fill","hd":false},{"ty":"tr","p":{"a":0,"k":[40.106,57.052],"ix":2},"a":{"a":0,"k":[0,0],"ix":1},"s":{"a":0,"k":[100,100],"ix":3},"r":{"a":0,"k":0,"ix":6},"o":{"a":0,"k":100,"ix":7},"sk":{"a":0,"k":0,"ix":4},"sa":{"a":0,"k":0,"ix":5},"nm":"Transform"}],"nm":"Group 1","np":2,"cix":2,"ix":1,"mn":"ADBE Vector Group","hd":false}],"ip":0,"op":900.000036657751,"st":0,"bm":0},{"ddd":0,"ind":7,"ty":4,"nm":"leg/splash screen Outlines","sr":1,"ks":{"o":{"a":0,"k":100,"ix":11},"r":{"a":1,"k":[{"i":{"x":[0.833],"y":[0.833]},"o":{"x":[0.167],"y":[0.167]},"n":["0p833_0p833_0p167_0p167"],"t":0,"s":[0],"e":[-60]},{"i":{"x":[0.833],"y":[0.833]},"o":{"x":[0.167],"y":[0.167]},"n":["0p833_0p833_0p167_0p167"],"t":15,"s":[-60],"e":[0]},{"i":{"x":[0.833],"y":[0.833]},"o":{"x":[0.167],"y":[0.167]},"n":["0p833_0p833_0p167_0p167"],"t":30,"s":[0],"e":[-60]},{"i":{"x":[0.833],"y":[0.833]},"o":{"x":[0.167],"y":[0.167]},"n":["0p833_0p833_0p167_0p167"],"t":45,"s":[-60],"e":[0]},{"t":60.0000024438501}],"ix":10},"p":{"a":1,"k":[{"i":{"x":0.833,"y":0.833},"o":{"x":0.167,"y":0.167},"n":"0p833_0p833_0p167_0p167","t":0,"s":[279,1070,0],"e":[519,1070,0],"to":[40,0,0],"ti":[-40,0,0]},{"t":60.0000024438501}],"ix":2},"a":{"a":0,"k":[49,7,0],"ix":1},"s":{"a":0,"k":[100,100,100],"ix":6}},"ao":0,"shapes":[{"ty":"gr","it":[{"ind":0,"ty":"sh","ix":1,"ks":{"a":0,"k":{"i":[[8.235,15.493],[0.99,1.493],[3.214,-11.369],[1.922,-2.579],[10.948,-14.275],[-0.748,-5.206],[-6.943,-2.222],[-4.975,5.608],[-14.17,16.234],[-1.307,2.094],[1.035,1.928]],"o":[[-0.522,-0.982],[-3.217,12.167],[-0.883,3.123],[-10.756,14.419],[-3.157,4.12],[1.051,7.318],[7.122,2.278],[14.298,-16.121],[1.606,-1.839],[1.142,-1.829],[-8.295,-15.46]],"v":[[13.627,-55.361],[11.411,-58.723],[2.079,-23.73],[-2.082,-14.828],[-34.762,28.122],[-38.878,41.964],[-26.688,56.445],[-8.228,51.295],[34.461,2.75],[38.484,-3.458],[38.334,-8.884]],"c":true},"ix":2},"nm":"Path 1","mn":"ADBE Vector Shape - Group","hd":false},{"ty":"fl","c":{"a":0,"k":[0.136999990426,0.20800000359,0.388000009574,1],"ix":4},"o":{"a":0,"k":100,"ix":5},"r":1,"nm":"Fill 1","mn":"ADBE Vector Graphic - Fill","hd":false},{"ty":"tr","p":{"a":0,"k":[39.875,58.973],"ix":2},"a":{"a":0,"k":[0,0],"ix":1},"s":{"a":0,"k":[100,100],"ix":3},"r":{"a":0,"k":0,"ix":6},"o":{"a":0,"k":100,"ix":7},"sk":{"a":0,"k":0,"ix":4},"sa":{"a":0,"k":0,"ix":5},"nm":"Transform"}],"nm":"Group 1","np":2,"cix":2,"ix":1,"mn":"ADBE Vector Group","hd":false}],"ip":0,"op":900.000036657751,"st":0,"bm":0},{"ddd":0,"ind":8,"ty":4,"nm":"bag/splash screen Outlines","sr":1,"ks":{"o":{"a":0,"k":100,"ix":11},"r":{"a":0,"k":0,"ix":10},"p":{"a":1,"k":[{"i":{"x":0.833,"y":0.833},"o":{"x":0.167,"y":0.167},"n":"0p833_0p833_0p167_0p167","t":0,"s":[223,1032.5,0],"e":[463,1032.5,0],"to":[40,0,0],"ti":[-40,0,0]},{"t":60.0000024438501}],"ix":2},"a":{"a":0,"k":[85,6,0],"ix":1},"s":{"a":1,"k":[{"i":{"x":[0.833,0.833,0.833],"y":[0.833,0.833,0.833]},"o":{"x":[0.167,0.167,0.167],"y":[0.167,0.167,0.167]},"n":["0p833_0p833_0p167_0p167","0p833_0p833_0p167_0p167","0p833_0p833_0p167_0p167"],"t":0,"s":[0,0,100],"e":[100,100,100]},{"t":15.0000006109625}],"ix":6}},"ao":0,"shapes":[{"ty":"gr","it":[{"ind":0,"ty":"sh","ix":1,"ks":{"a":0,"k":{"i":[[7.664,-0.209],[-0.096,-8.18],[-8.006,0.117],[0.134,7.492]],"o":[[-7.906,0.216],[0.088,7.586],[7.725,-0.112],[-0.144,-8.057]],"v":[[-0.282,-14.33],[-14.39,0.833],[0.334,14.422],[14.351,0.38]],"c":true},"ix":2},"nm":"Path 1","mn":"ADBE Vector Shape - Group","hd":false},{"ty":"fl","c":{"a":0,"k":[0.035000000748,0.243000000598,0.54900004069,1],"ix":4},"o":{"a":0,"k":100,"ix":5},"r":1,"nm":"Fill 1","mn":"ADBE Vector Graphic - Fill","hd":false},{"ty":"tr","p":{"a":0,"k":[37.75,151.897],"ix":2},"a":{"a":0,"k":[0,0],"ix":1},"s":{"a":0,"k":[100,100],"ix":3},"r":{"a":0,"k":0,"ix":6},"o":{"a":0,"k":100,"ix":7},"sk":{"a":0,"k":0,"ix":4},"sa":{"a":0,"k":0,"ix":5},"nm":"Transform"}],"nm":"Group 1","np":2,"cix":2,"ix":1,"mn":"ADBE Vector Group","hd":false},{"ty":"gr","it":[{"ind":0,"ty":"sh","ix":1,"ks":{"a":0,"k":{"i":[[0.659,1.118],[-0.424,-0.713],[0.236,-1.118],[2.389,-11.161],[2.373,-0.015],[8.295,-0.351],[2.597,-12.104],[4.006,-18.305],[-8.638,-5.024],[-0.901,3.252],[-9.531,-0.51],[-1.859,-10.001],[-2.046,0.105],[-0.491,2.93],[-1.825,9.63],[-6.812,35.648],[-0.827,0.798]],"o":[[0.329,0.686],[0.576,0.968],[-2.352,11.168],[-0.442,2.066],[-8.301,0.052],[-12.426,0.527],[-3.933,18.321],[-2.526,11.547],[2.374,1.382],[2.632,-9.489],[10.49,0.561],[0.427,2.296],[2.123,-0.108],[1.621,-9.665],[6.757,-35.659],[0.233,-1.218],[-11.251,2.596]],"v":[[29.026,-75.028],[30.142,-72.935],[30.671,-69.366],[23.424,-35.902],[19.823,-32.86],[-5.077,-32.227],[-32.296,-9.126],[-44.186,45.817],[-34.524,72.047],[-30.125,70.328],[-8.697,54.893],[11.848,72.233],[15.239,74.923],[19.664,72.001],[24.944,43.075],[45.293,-63.886],[46.712,-67.359]],"c":true},"ix":2},"nm":"Path 1","mn":"ADBE Vector Shape - Group","hd":false},{"ty":"fl","c":{"a":0,"k":[0.819999964097,0.603999956916,0,1],"ix":4},"o":{"a":0,"k":100,"ix":5},"r":1,"nm":"Fill 1","mn":"ADBE Vector Graphic - Fill","hd":false},{"ty":"tr","p":{"a":0,"k":[46.962,75.278],"ix":2},"a":{"a":0,"k":[0,0],"ix":1},"s":{"a":0,"k":[100,100],"ix":3},"r":{"a":0,"k":0,"ix":6},"o":{"a":0,"k":100,"ix":7},"sk":{"a":0,"k":0,"ix":4},"sa":{"a":0,"k":0,"ix":5},"nm":"Transform"}],"nm":"Group 2","np":2,"cix":2,"ix":2,"mn":"ADBE Vector Group","hd":false}],"ip":0,"op":900.000036657751,"st":0,"bm":0},{"ddd":0,"ind":9,"ty":4,"nm":"place holder/splash screen Outlines","sr":1,"ks":{"o":{"a":0,"k":100,"ix":11},"r":{"a":0,"k":0,"ix":10},"p":{"a":0,"k":[593,967,0],"ix":2},"a":{"a":0,"k":[129,225,0],"ix":1},"s":{"a":0,"k":[100,100,100],"ix":6}},"ao":0,"shapes":[{"ty":"gr","it":[{"ind":0,"ty":"sh","ix":1,"ks":{"a":0,"k":{"i":[[13.056,-14.582],[0,0],[1.489,82.174],[0.384,4.216],[8.331,-21.348],[37.077,-48.149]],"o":[[17.954,33.699],[0,0],[-0.078,-4.314],[-4.609,22.906],[-23.024,58.996],[-11.951,15.52]],"v":[[-77.18,100.436],[-46.141,156.877],[75.691,-144.09],[74.959,-156.877],[55.323,-90.286],[-39.716,54.975]],"c":true},"ix":2},"nm":"Path 1","mn":"ADBE Vector Shape - Group","hd":false},{"ty":"fl","c":{"a":0,"k":[0.226999993418,0.638999968884,0.654999976065,1],"ix":4},"o":{"a":0,"k":100,"ix":5},"r":1,"nm":"Fill 1","mn":"ADBE Vector Graphic - Fill","hd":false},{"ty":"tr","p":{"a":0,"k":[180.549,292.244],"ix":2},"a":{"a":0,"k":[0,0],"ix":1},"s":{"a":0,"k":[100,100],"ix":3},"r":{"a":0,"k":0,"ix":6},"o":{"a":0,"k":100,"ix":7},"sk":{"a":0,"k":0,"ix":4},"sa":{"a":0,"k":0,"ix":5},"nm":"Transform"}],"nm":"Group 1","np":2,"cix":2,"ix":1,"mn":"ADBE Vector Group","hd":false},{"ty":"gr","it":[{"ind":0,"ty":"sh","ix":1,"ks":{"a":0,"k":{"i":[[0.425,23.458],[-61.052,0.947],[-20.767,-30.371],[40.988,-0.635],[-1.295,-71.384],[-14.761,-21.588]],"o":[[-1.294,-71.383],[35.686,-0.553],[-19.79,-38.451],[-61.051,0.947],[0.537,29.659],[-9.686,-18.819]],"v":[[-93.478,40.825],[14.721,-90.141],[103.261,-41.036],[6.233,-104.382],[-101.966,26.583],[-77.623,105.017]],"c":true},"ix":2},"nm":"Path 1","mn":"ADBE Vector Shape - Group","hd":false},{"ty":"fl","c":{"a":0,"k":[0.375999989229,0.776000019148,0.776000019148,1],"ix":4},"o":{"a":0,"k":100,"ix":5},"r":1,"nm":"Fill 1","mn":"ADBE Vector Graphic - Fill","hd":false},{"ty":"tr","p":{"a":0,"k":[117.263,124.004],"ix":2},"a":{"a":0,"k":[0,0],"ix":1},"s":{"a":0,"k":[100,100],"ix":3},"r":{"a":0,"k":0,"ix":6},"o":{"a":0,"k":100,"ix":7},"sk":{"a":0,"k":0,"ix":4},"sa":{"a":0,"k":0,"ix":5},"nm":"Transform"}],"nm":"Group 2","np":2,"cix":2,"ix":2,"mn":"ADBE Vector Group","hd":false},{"ty":"gr","it":[{"ind":0,"ty":"sh","ix":1,"ks":{"a":0,"k":{"i":[[-1.489,-82.174],[0,0],[1.49,82.174],[-70.278,1.089]],"o":[[1.49,82.174],[0,0],[-1.489,-82.173],[70.28,-1.09]],"v":[[127.251,-76.531],[5.418,224.436],[-127.252,-72.586],[-2.699,-223.346]],"c":true},"ix":2},"nm":"Path 1","mn":"ADBE Vector Shape - Group","hd":false},{"ty":"fl","c":{"a":0,"k":[0.226999993418,0.728999956916,0.728999956916,1],"ix":4},"o":{"a":0,"k":100,"ix":5},"r":1,"nm":"Fill 1","mn":"ADBE Vector Graphic - Fill","hd":false},{"ty":"tr","p":{"a":0,"k":[128.99,224.686],"ix":2},"a":{"a":0,"k":[0,0],"ix":1},"s":{"a":0,"k":[100,100],"ix":3},"r":{"a":0,"k":0,"ix":6},"o":{"a":0,"k":100,"ix":7},"sk":{"a":0,"k":0,"ix":4},"sa":{"a":0,"k":0,"ix":5},"nm":"Transform"}],"nm":"Group 3","np":2,"cix":2,"ix":3,"mn":"ADBE Vector Group","hd":false}],"ip":0,"op":900.000036657751,"st":0,"bm":0},{"ddd":0,"ind":10,"ty":4,"nm":"bird 1/splash screen Outlines","sr":1,"ks":{"o":{"a":0,"k":100,"ix":11},"r":{"a":0,"k":0,"ix":10},"p":{"a":1,"k":[{"i":{"x":0.833,"y":0.833},"o":{"x":0.167,"y":0.167},"n":"0p833_0p833_0p167_0p167","t":10,"s":[567,829,0],"e":[787,829,0],"to":[36.6666679382324,0,0],"ti":[-23.6666660308838,-135,0]},{"t":60.0000024438501}],"ix":2},"a":{"a":0,"k":[46,21.5,0],"ix":1},"s":{"a":0,"k":[100,100,100],"ix":6}},"ao":0,"shapes":[{"ty":"gr","it":[{"ind":0,"ty":"sh","ix":1,"ks":{"a":0,"k":{"i":[[0,0],[0,0],[0,0],[0,0],[0,0]],"o":[[17.361,-32.045],[-40.476,-9.036],[0,0],[-17.313,-26.022],[21.143,-22.308]],"v":[[-3.108,11.152],[45.592,2.575],[-1.048,20.893],[-1.196,20.811],[-45.592,7.119]],"c":true},"ix":2},"nm":"Path 1","mn":"ADBE Vector Shape - Group","hd":false},{"ty":"fl","c":{"a":0,"k":[0.46699999641,0.46699999641,0.46699999641,1],"ix":4},"o":{"a":0,"k":100,"ix":5},"r":1,"nm":"Fill 1","mn":"ADBE Vector Graphic - Fill","hd":false},{"ty":"tr","p":{"a":0,"k":[45.842,21.143],"ix":2},"a":{"a":0,"k":[0,0],"ix":1},"s":{"a":0,"k":[100,100],"ix":3},"r":{"a":0,"k":0,"ix":6},"o":{"a":0,"k":100,"ix":7},"sk":{"a":0,"k":0,"ix":4},"sa":{"a":0,"k":0,"ix":5},"nm":"Transform"}],"nm":"Group 1","np":2,"cix":2,"ix":1,"mn":"ADBE Vector Group","hd":false}],"ip":0,"op":900.000036657751,"st":0,"bm":0},{"ddd":0,"ind":11,"ty":4,"nm":"bird 2/splash screen Outlines","sr":1,"ks":{"o":{"a":0,"k":100,"ix":11},"r":{"a":0,"k":0,"ix":10},"p":{"a":1,"k":[{"i":{"x":0.833,"y":0.833},"o":{"x":0.167,"y":0.167},"n":"0p833_0p833_0p167_0p167","t":10,"s":[615,932,0],"e":[835,932,0],"to":[36.6666679382324,0,0],"ti":[-10.6666669845581,-110,0]},{"t":60.0000024438501}],"ix":2},"a":{"a":0,"k":[46.5,29,0],"ix":1},"s":{"a":0,"k":[100,100,100],"ix":6}},"ao":0,"shapes":[{"ty":"gr","it":[{"ind":0,"ty":"sh","ix":1,"ks":{"a":0,"k":{"i":[[0,0],[0,0],[0,0],[0,0],[0,0]],"o":[[-34.808,-31.619],[0,0],[-2.455,-35.353],[33.35,-10.113],[35.088,-21.828]],"v":[[46.194,28.404],[-10.037,20.275],[-10.136,20.113],[-46.194,-18.291],[-6.6,9.523]],"c":true},"ix":2},"nm":"Path 1","mn":"ADBE Vector Shape - Group","hd":false},{"ty":"fl","c":{"a":0,"k":[0.46699999641,0.46699999641,0.46699999641,1],"ix":4},"o":{"a":0,"k":100,"ix":5},"r":1,"nm":"Fill 1","mn":"ADBE Vector Graphic - Fill","hd":false},{"ty":"tr","p":{"a":0,"k":[46.443,28.654],"ix":2},"a":{"a":0,"k":[0,0],"ix":1},"s":{"a":0,"k":[100,100],"ix":3},"r":{"a":0,"k":0,"ix":6},"o":{"a":0,"k":100,"ix":7},"sk":{"a":0,"k":0,"ix":4},"sa":{"a":0,"k":0,"ix":5},"nm":"Transform"}],"nm":"Group 1","np":2,"cix":2,"ix":1,"mn":"ADBE Vector Group","hd":false}],"ip":0,"op":900.000036657751,"st":0,"bm":0},{"ddd":0,"ind":12,"ty":4,"nm":"land/splash screen Outlines","sr":1,"ks":{"o":{"a":0,"k":100,"ix":11},"r":{"a":0,"k":0,"ix":10},"p":{"a":0,"k":[975,1119,0],"ix":2},"a":{"a":0,"k":[748.5,141.5,0],"ix":1},"s":{"a":0,"k":[100,100,100],"ix":6}},"ao":0,"shapes":[{"ty":"gr","it":[{"ind":0,"ty":"sh","ix":1,"ks":{"a":0,"k":{"i":[[0,0],[0,0]],"o":[[1495.999,60.514],[547.376,217.611]],"v":[[-507.393,80.517],[-125.307,-141.031]],"c":true},"ix":2},"nm":"Path 1","mn":"ADBE Vector Shape - Group","hd":false},{"ty":"fl","c":{"a":0,"k":[0,0.630999995213,0.294000004787,1],"ix":4},"o":{"a":0,"k":100,"ix":5},"r":1,"nm":"Fill 1","mn":"ADBE Vector Graphic - Fill","hd":false},{"ty":"tr","p":{"a":0,"k":[507.643,141.282],"ix":2},"a":{"a":0,"k":[0,0],"ix":1},"s":{"a":0,"k":[100,100],"ix":3},"r":{"a":0,"k":0,"ix":6},"o":{"a":0,"k":100,"ix":7},"sk":{"a":0,"k":0,"ix":4},"sa":{"a":0,"k":0,"ix":5},"nm":"Transform"}],"nm":"Group 1","np":4,"cix":2,"ix":1,"mn":"ADBE Vector Group","hd":false},{"ty":"gr","it":[{"ind":0,"ty":"sh","ix":1,"ks":{"a":0,"k":{"i":[[0,0],[177.543,109.156]],"o":[[0,0],[0,0]],"v":[[-116.654,57.893],[-60.888,-57.893]],"c":true},"ix":2},"nm":"Path 1","mn":"ADBE Vector Shape - Group","hd":false},{"ty":"fl","c":{"a":0,"k":[0.375999989229,0.224000010771,0.075,1],"ix":4},"o":{"a":0,"k":100,"ix":5},"r":1,"nm":"Fill 1","mn":"ADBE Vector Graphic - Fill","hd":false},{"ty":"tr","p":{"a":0,"k":[527.102,110.138],"ix":2},"a":{"a":0,"k":[0,0],"ix":1},"s":{"a":0,"k":[100,100],"ix":3},"r":{"a":0,"k":0,"ix":6},"o":{"a":0,"k":100,"ix":7},"sk":{"a":0,"k":0,"ix":4},"sa":{"a":0,"k":0,"ix":5},"nm":"Transform"}],"nm":"Group 2","np":2,"cix":2,"ix":2,"mn":"ADBE Vector Group","hd":false}],"ip":0,"op":900.000036657751,"st":0,"bm":0}],"markers":[],"chars":[{"ch":"M","size":100,"style":"Bold","w":95.5,"data":{"shapes":[{"ty":"gr","it":[{"ind":0,"ty":"sh","ix":1,"ks":{"a":0,"k":{"i":[[0,0],[0,0],[0,0],[0,0],[0,0],[0,0],[0,0],[0,0],[0,0],[0,0],[0,0],[0,0],[0,0]],"o":[[0,0],[0,0],[0,0],[0,0],[0,0],[0,0],[0,0],[0,0],[0,0],[0,0],[0,0],[0,0],[0,0]],"v":[[87.2,0],[87,-70],[73.7,-70],[47.9,-26.5],[21.7,-70],[8.3,-70],[8.3,0],[23.5,0],[23.5,-41.1],[44,-7.4],[51.3,-7.4],[71.9,-42],[72,0]],"c":true},"ix":2},"nm":"M","mn":"ADBE Vector Shape - Group","hd":false}],"nm":"M","np":3,"cix":2,"ix":1,"mn":"ADBE Vector Group","hd":false}]},"fFamily":"Montserrat"},{"ch":"e","size":100,"style":"Bold","w":63.1,"data":{"shapes":[{"ty":"gr","it":[{"ind":0,"ty":"sh","ix":1,"ks":{"a":0,"k":{"i":[[0,0.2],[2.433,4.234],[4.266,2.267],[5.266,0],[4.366,-2.366],[2.5,-4.233],[0,-5.266],[-2.534,-4.2],[-4.667,-2.366],[-6.067,0],[-5.067,5.8],[0,0],[2.166,-0.833],[2.8,0],[2.733,1.934],[0.733,3.334],[0,0]],"o":[[0,-5.6],[-2.434,-4.233],[-4.267,-2.266],[-5.4,0],[-4.367,2.367],[-2.5,4.234],[0,5.334],[2.533,4.2],[4.666,2.367],[9.733,0],[0,0],[-1.867,1.8],[-2.167,0.834],[-4.067,0],[-2.734,-1.933],[0,0],[0.2,-2.6]],"v":[[59.9,-26.7],[56.25,-41.45],[46.2,-51.2],[31.9,-54.6],[17.25,-51.05],[6.95,-41.15],[3.2,-26.9],[7,-12.6],[17.8,-2.75],[33.9,0.8],[56.1,-7.9],[47.8,-16.9],[41.75,-12.95],[34.3,-11.7],[24.1,-14.6],[18.9,-22.5],[59.6,-22.5]],"c":true},"ix":2},"nm":"e","mn":"ADBE Vector Shape - Group","hd":false},{"ind":1,"ty":"sh","ix":2,"ks":{"a":0,"k":{"i":[[-3.534,0],[-2.4,-2.033],[-0.534,-3.4],[0,0],[-2.4,2]],"o":[[3.466,0],[2.4,2.034],[0,0],[0.533,-3.466],[2.4,-2]],"v":[[32,-42.8],[40.8,-39.75],[45.2,-31.6],[18.7,-31.6],[23.1,-39.8]],"c":true},"ix":2},"nm":"e","mn":"ADBE Vector Shape - Group","hd":false}],"nm":"e","np":5,"cix":2,"ix":1,"mn":"ADBE Vector Group","hd":false}]},"fFamily":"Montserrat"},{"ch":"s","size":100,"style":"Bold","w":53.1,"data":{"shapes":[{"ty":"gr","it":[{"ind":0,"ty":"sh","ix":1,"ks":{"a":0,"k":{"i":[[-4.467,0],[-3.834,1.433],[-2,2.6],[0,3.334],[2.066,2.2],[2.8,0.834],[4.4,0.734],[1.8,0.667],[0,1.667],[-1.667,0.934],[-3.334,0],[-4.734,-2.666],[0,0],[3.766,0.834],[3.8,0],[3.766,-1.466],[1.966,-2.633],[0,-3.4],[-2.1,-2.2],[-2.867,-0.866],[-4.4,-0.666],[-1.8,-0.666],[0,-1.533],[6.6,0],[3.4,0.967],[2.4,1.534],[0,0],[-4.267,-1.1]],"o":[[5.266,0],[3.833,-1.433],[2,-2.6],[0,-3.933],[-2.067,-2.2],[-2.8,-0.833],[-3.934,-0.6],[-1.8,-0.666],[0,-1.466],[1.666,-0.933],[5.6,0],[0,0],[-2.467,-1.466],[-3.767,-0.833],[-5.134,0],[-3.767,1.467],[-1.967,2.634],[0,4.067],[2.1,2.2],[2.866,0.867],[3.733,0.467],[1.8,0.667],[0,3.267],[-3.267,0],[-3.4,-0.966],[0,0],[2.533,1.667],[4.266,1.1]],"v":[[25.3,0.8],[38.95,-1.35],[47.7,-7.4],[50.7,-16.3],[47.6,-25.5],[40.3,-30.05],[29.5,-32.4],[20.9,-34.3],[18.2,-37.8],[20.7,-41.4],[28.2,-42.8],[43.7,-38.8],[48.9,-49.9],[39.55,-53.35],[28.2,-54.6],[14.85,-52.4],[6.25,-46.25],[3.3,-37.2],[6.45,-27.8],[13.9,-23.2],[24.8,-20.9],[33.1,-19.2],[35.8,-15.9],[25.9,-11],[15.9,-12.45],[7.2,-16.2],[2,-5],[12.2,-0.85]],"c":true},"ix":2},"nm":"s","mn":"ADBE Vector Shape - Group","hd":false}],"nm":"s","np":3,"cix":2,"ix":1,"mn":"ADBE Vector Group","hd":false}]},"fFamily":"Montserrat"},{"ch":"h","size":100,"style":"Bold","w":69.1,"data":{"shapes":[{"ty":"gr","it":[{"ind":0,"ty":"sh","ix":1,"ks":{"a":0,"k":{"i":[[6.666,0],[2.933,-1.1],[2.066,-2.066],[0,0],[0,0],[0,0],[0,0],[0,0],[-2.334,2.434],[-3.934,0],[-1.867,-2.1],[0,-4.266],[0,0],[0,0],[0,0],[4.1,4]],"o":[[-3.467,0],[-2.934,1.1],[0,0],[0,0],[0,0],[0,0],[0,0],[0,-4.8],[2.333,-2.433],[3.533,0],[1.866,2.1],[0,0],[0,0],[0,0],[0,-7.866],[-4.1,-4]],"v":[[39.9,-54.6],[30.3,-52.95],[22.8,-48.2],[22.8,-74.2],[7.2,-74.2],[7.2,0],[22.8,0],[22.8,-26.6],[26.3,-37.45],[35.7,-41.1],[43.8,-37.95],[46.6,-28.4],[46.6,0],[62.2,0],[62.2,-30.8],[56.05,-48.6]],"c":true},"ix":2},"nm":"h","mn":"ADBE Vector Shape - Group","hd":false}],"nm":"h","np":3,"cix":2,"ix":1,"mn":"ADBE Vector Group","hd":false}]},"fFamily":"Montserrat"},{"ch":"i","size":100,"style":"Bold","w":30.1,"data":{"shapes":[{"ty":"gr","it":[{"ind":0,"ty":"sh","ix":1,"ks":{"a":0,"k":{"i":[[0,0],[0,0],[0,0],[0,0]],"o":[[0,0],[0,0],[0,0],[0,0]],"v":[[7.2,0],[22.8,0],[22.8,-53.8],[7.2,-53.8]],"c":true},"ix":2},"nm":"i","mn":"ADBE Vector Shape - Group","hd":false},{"ind":1,"ty":"sh","ix":2,"ks":{"a":0,"k":{"i":[[-2.867,0],[-1.8,1.7],[0,2.6],[1.8,1.6],[2.866,0],[1.8,-1.666],[0,-2.466],[-1.8,-1.666]],"o":[[2.866,0],[1.8,-1.7],[0,-2.4],[-1.8,-1.6],[-2.867,0],[-1.8,1.667],[0,2.467],[1.8,1.667]],"v":[[15,-61.3],[22,-63.85],[24.7,-70.3],[22,-76.3],[15,-78.7],[8,-76.2],[5.3,-70],[8,-63.8]],"c":true},"ix":2},"nm":"i","mn":"ADBE Vector Shape - Group","hd":false}],"nm":"i","np":5,"cix":2,"ix":1,"mn":"ADBE Vector Group","hd":false}]},"fFamily":"Montserrat"},{"ch":"n","size":100,"style":"Bold","w":69.1,"data":{"shapes":[{"ty":"gr","it":[{"ind":0,"ty":"sh","ix":1,"ks":{"a":0,"k":{"i":[[6.666,0],[3.066,-1.233],[2.066,-2.266],[0,0],[0,0],[0,0],[0,0],[0,0],[-2.334,2.434],[-3.934,0],[-1.867,-2.1],[0,-4.266],[0,0],[0,0],[0,0],[4.1,4]],"o":[[-3.667,0],[-3.067,1.234],[0,0],[0,0],[0,0],[0,0],[0,0],[0,-4.8],[2.333,-2.433],[3.533,0],[1.866,2.1],[0,0],[0,0],[0,0],[0,-7.866],[-4.1,-4]],"v":[[39.9,-54.6],[29.8,-52.75],[22.1,-47.5],[22.1,-53.8],[7.2,-53.8],[7.2,0],[22.8,0],[22.8,-26.6],[26.3,-37.45],[35.7,-41.1],[43.8,-37.95],[46.6,-28.4],[46.6,0],[62.2,0],[62.2,-30.8],[56.05,-48.6]],"c":true},"ix":2},"nm":"n","mn":"ADBE Vector Shape - Group","hd":false}],"nm":"n","np":3,"cix":2,"ix":1,"mn":"ADBE Vector Group","hd":false}]},"fFamily":"Montserrat"}]}